".id","GO.ID","GO.TERM","description","source"
"g20980","GO:0005737","C","cytoplasm","ISM:FlyBase"
"g20980","GO:0016491","F","oxidoreductase activity","ISM:FlyBase"
"g20980","GO:0055114","P","oxidation-reduction process","ISM:FlyBase"
"g20980","GO:0007608","P","sensory perception of smell","IEP:FlyBase"
"g12268","GO:0052689","F","carboxylic ester hydrolase activity","IEA:UniProtKB-KW"
"g8660","GO:0016021","C","integral component of membrane","IEA:UniProtKB-KW"
"g8660","GO:0005886","C","plasma membrane","IEA:UniProtKB-KW"
"g8660","GO:0005044","F","scavenger receptor activity","ISS:FlyBase"
"g8660","GO:0006915","P","apoptotic process","IMP:FlyBase"
"g8660","GO:0048102","P","autophagic cell death","IEP:FlyBase"
"g8660","GO:0007155","P","cell adhesion","IEA:InterPro"
"g8660","GO:0006955","P","immune response","TAS:FlyBase"
"g8660","GO:0002433","P","immune response-regulating cell surface receptor signaling pathway involved in phagocytosis","IDA:FlyBase"
"g8660","GO:0042116","P","macrophage activation","TAS:FlyBase"
"g8660","GO:0006909","P","phagocytosis","IMP:FlyBase"
"g8660","GO:0006911","P","phagocytosis, engulfment","TAS:FlyBase"
"g8660","GO:0006898","P","receptor-mediated endocytosis","ISS:GOC"
"g8660","GO:0050764","P","regulation of phagocytosis","TAS:FlyBase"
"g8660","GO:0035071","P","salivary gland cell autophagic cell death","IEP:FlyBase"
"g11195","GO:0046872","F","metal ion binding","IEA:UniProtKB-KW"
"g11195","GO:0004722","F","protein serine/threonine phosphatase activity","NAS:FlyBase"
"g11195","GO:0006470","P","protein dephosphorylation","NAS:FlyBase"
"g12274","GO:0016021","C","integral component of membrane","IEA:UniProtKB-KW"
"g12274","GO:0005215","F","transporter activity","IEA:InterPro"
"g12274","GO:0055085","P","transmembrane transport","IEA:InterPro"
"g2205","GO:0008236","F","serine-type peptidase activity","IEA:UniProtKB-KW"
"g2205","GO:0045087","P","innate immune response","IEP:WormBase"
"g15428","GO:0005634","C","nucleus","IEA:UniProtKB-KW"
"g15428","GO:0003677","F","DNA binding","IEA:UniProtKB-KW"
"g15428","GO:0046872","F","metal ion binding","IEA:UniProtKB-KW"
"g15428","GO:0006355","P","regulation of transcription, DNA-templated","IEA:UniProtKB-KW"
"g15428","GO:0006351","P","transcription, DNA-templated","IEA:UniProtKB-KW"
"g1145","GO:0004165","F","dodecenoyl-CoA delta-isomerase activity","IEA:UniProtKB-EC"
"g7517","GO:0031012","C","extracellular matrix","IDA:FlyBase"
"g7517","GO:0005576","C","extracellular region","IDA:UniProtKB"
"g7517","GO:0005886","C","plasma membrane","TAS:Reactome"
"g7517","GO:0005578","C","proteinaceous extracellular matrix","TAS:FlyBase"
"g7517","GO:0071666","C","Slit-Robo signaling complex","IDA:FlyBase"
"g7517","GO:0005509","F","calcium ion binding","IEA:InterPro"
"g7517","GO:0008201","F","heparin binding","IDA:FlyBase"
"g7517","GO:0048495","F","Roundabout binding","IPI:FlyBase"
"g7517","GO:0007411","P","axon guidance","IMP:FlyBase"
"g7517","GO:0016199","P","axon midline choice point recognition","IMP:FlyBase"
"g7517","GO:0048813","P","dendrite morphogenesis","IMP:FlyBase"
"g7517","GO:0007502","P","digestive tract mesoderm development","IMP:FlyBase"
"g7517","GO:0035050","P","embryonic heart tube development","IMP:FlyBase"
"g7517","GO:0007427","P","epithelial cell migration, open tracheal system","IMP:FlyBase"
"g7517","GO:0008347","P","glial cell migration","IMP:UniProtKB"
"g7517","GO:0008406","P","gonad development","IMP:FlyBase"
"g7517","GO:0050929","P","induction of negative chemotaxis","IMP:UniProtKB"
"g7517","GO:0046331","P","lateral inhibition","IMP:FlyBase"
"g7517","GO:0007509","P","mesoderm migration involved in gastrulation","IMP:UniProtKB"
"g7517","GO:0008078","P","mesodermal cell migration","IMP:FlyBase"
"g7517","GO:0030182","P","neuron differentiation","IMP:FlyBase"
"g7517","GO:0001764","P","neuron migration","IMP:FlyBase"
"g7517","GO:0003151","P","outflow tract morphogenesis","IMP:FlyBase"
"g7517","GO:0022409","P","positive regulation of cell-cell adhesion","IMP:FlyBase"
"g7517","GO:0010632","P","regulation of epithelial cell migration","IMP:FlyBase"
"g7517","GO:2000274","P","regulation of epithelial cell migration, open tracheal system","IMP:FlyBase"
"g7517","GO:0035385","P","Roundabout signaling pathway","IGI:FlyBase"
"g7517","GO:0007432","P","salivary gland boundary specification","IMP:FlyBase"
"g15954","GO:0005634","C","nucleus","IEA:UniProtKB-KW"
"g15954","GO:0004879","F","ligand-activated sequence-specific DNA binding RNA polymerase II transcription factor activity","NAS:FlyBase"
"g15954","GO:0043565","F","sequence-specific DNA binding","IEA:InterPro"
"g15954","GO:0003707","F","steroid hormone receptor activity","IEA:InterPro"
"g15954","GO:0008270","F","zinc ion binding","IEA:InterPro"
"g15954","GO:0046845","P","branched duct epithelial cell fate determination, open tracheal system","TAS:FlyBase"
"g15954","GO:0007427","P","epithelial cell migration, open tracheal system","TAS:FlyBase"
"g15954","GO:0030522","P","intracellular receptor signaling pathway","NAS:GOC"
"g15954","GO:0007424","P","open tracheal system development","TAS:FlyBase"
"g15954","GO:0007088","P","regulation of mitosis","IMP:FlyBase"
"g15954","GO:0035151","P","regulation of tube size, open tracheal system","TAS:FlyBase"
"g20921","GO:0005886","C","plasma membrane","IDA:FlyBase"
"g20921","GO:0005918","C","septate junction","IDA:FlyBase"
"g20921","GO:0005890","C","sodium","IC:FlyBase"
"g20921","GO:0098655","P","cation transmembrane transport","IDA:GOC"
"g20921","GO:0006812","P","cation transport","IDA:FlyBase"
"g20921","GO:0061343","P","cell adhesion involved in heart morphogenesis","IMP:FlyBase"
"g20921","GO:0060857","P","establishment of glial blood-brain barrier","IMP:FlyBase"
"g20921","GO:0007424","P","open tracheal system development","IMP:FlyBase"
"g20921","GO:0006813","P","potassium ion transport","IEA:UniProtKB-KW"
"g20921","GO:0035158","P","regulation of tube diameter, open tracheal system","IMP:FlyBase"
"g20921","GO:0035159","P","regulation of tube length, open tracheal system","IMP:FlyBase"
"g20921","GO:0035151","P","regulation of tube size, open tracheal system","IMP:FlyBase"
"g20921","GO:0007605","P","sensory perception of sound","IMP:FlyBase"
"g20921","GO:0019991","P","septate junction assembly","IMP:FlyBase"
"g20921","GO:0035725","P","sodium ion transmembrane transport","IMP:GOC"
"g11486","GO:0005737","C","cytoplasm","IDA:FlyBase"
"g11486","GO:0005634","C","nucleus","IGI:FlyBase"
"g11486","GO:0043186","C","P granule","IDA:FlyBase"
"g11486","GO:0003730","F","mRNA 3'-UTR binding","IDA:FlyBase"
"g11486","GO:0003729","F","mRNA binding","ISS:FlyBase"
"g11486","GO:0000166","F","nucleotide binding","IEA:InterPro"
"g11486","GO:0003723","F","RNA binding","IDA:FlyBase"
"g11486","GO:0036099","P","female germ-line stem cell maintenance","IGI:FlyBase"
"g11486","GO:0007281","P","germ cell development","IMP:FlyBase"
"g11486","GO:0042078","P","germ-line stem cell division","NAS:FlyBase"
"g11486","GO:0030727","P","germarium-derived female germ-line cyst formation","TAS:FlyBase"
"g11486","GO:0007476","P","imaginal disc-derived wing morphogenesis","IMP:FlyBase"
"g11486","GO:0002121","P","inter-male aggressive behavior","IMP:FlyBase"
"g11486","GO:0006378","P","mRNA polyadenylation","TAS:FlyBase"
"g11486","GO:0007319","P","negative regulation of oskar mRNA translation","IDA:FlyBase"
"g11486","GO:0017148","P","negative regulation of translation","IMP:FlyBase"
"g11486","GO:0048477","P","oogenesis","IMP:FlyBase"
"g11486","GO:0031536","P","positive regulation of exit from mitosis","IMP:FlyBase"
"g11486","GO:2000738","P","positive regulation of stem cell differentiation","IMP:FlyBase"
"g11486","GO:0000381","P","regulation of alternative mRNA splicing, via spliceosome","IMP:FlyBase"
"g11486","GO:0046011","P","regulation of oskar mRNA translation","TAS:FlyBase"
"g11486","GO:0007286","P","spermatid development","IMP:FlyBase"
"g17462","GO:0016021","C","integral component of membrane","ISS:FlyBase"
"g17462","GO:0005887","C","integral component of plasma membrane","IDA:FlyBase"
"g17462","GO:0004948","F","calcitonin receptor activity","ISS:FlyBase"
"g17462","GO:0008036","F","diuretic hormone receptor activity","IPI:FlyBase"
"g17462","GO:0005184","F","neuropeptide hormone activity","NAS:FlyBase"
"g17462","GO:0008188","F","neuropeptide receptor activity","ISS:FlyBase"
"g17462","GO:0007186","P","G-protein coupled receptor signaling pathway","IDA:FlyBase"
"g17462","GO:0009755","P","hormone-mediated signaling pathway","IDA:FlyBase"
"g17462","GO:0007218","P","neuropeptide signaling pathway","ISS:GOC"
"g17462","GO:0009651","P","response to salt stress","IMP:FlyBase"
"g7192","GO:0017050","F","D-erythro-sphingosine kinase activity","IDA:FlyBase"
"g7192","GO:0004143","F","diacylglycerol kinase activity","NAS:FlyBase"
"g7192","GO:0003951","F","NAD+ kinase activity","IEA:UniProtKB-EC"
"g7192","GO:0007629","P","flight behavior","IMP:FlyBase"
"g7192","GO:0018991","P","oviposition","IMP:FlyBase"
"g7192","GO:0016310","P","phosphorylation","IDA:FlyBase"
"g7192","GO:0007205","P","protein kinase C-activating G-protein coupled receptor signaling pathway","IEA:InterPro"
"g7192","GO:0006665","P","sphingolipid metabolic process","IDA:FlyBase"
"g8907","GO:0005887","C","integral component of plasma membrane","IDA:FlyBase"
"g8907","GO:0005886","C","plasma membrane","ISS:FlyBase"
"g8907","GO:0005524","F","ATP binding","IEA:InterPro"
"g8907","GO:0004383","F","guanylate cyclase activity","IDA:FlyBase"
"g8907","GO:0001653","F","peptide receptor activity","IPI:FlyBase"
"g8907","GO:0004672","F","protein kinase activity","IEA:InterPro"
"g8907","GO:0004872","F","receptor activity","IDA:FlyBase"
"g8907","GO:0016199","P","axon midline choice point recognition","IGI:FlyBase"
"g8907","GO:0035556","P","intracellular signal transduction","IEA:InterPro"
"g8907","GO:0007526","P","larval somatic muscle development","IMP:FlyBase"
"g8907","GO:0008045","P","motor neuron axon guidance","IMP:FlyBase"
"g8907","GO:0007428","P","primary branching, open tracheal system","IMP:FlyBase"
"g8907","GO:0009651","P","response to salt stress","IMP:FlyBase"
"g8907","GO:0007435","P","salivary gland morphogenesis","IMP:FlyBase"
"g3083","GO:0005811","C","lipid particle","IDA:FlyBase"
"g3083","GO:0005777","C","peroxisome","ISM:FlyBase"
"g3083","GO:0016747","F","transferase activity, transferring acyl groups other than amino-acyl groups","IEA:InterPro"
"g3542","GO:0005524","F","ATP binding","IEA:UniProtKB-KW"
"g3542","GO:0004370","F","glycerol kinase activity","IEA:UniProtKB-EC"
"g3542","GO:0019563","P","glycerol catabolic process","IEA:UniProtKB-UniPathway"
"g3542","GO:0006072","P","glycerol-3-phosphate metabolic process","IEA:InterPro"
"g722","GO:0005634","C","nucleus","TAS:FlyBase"
"g722","GO:0003705","F","RNA polymerase II distal enhancer sequence-specific DNA binding transcription factor activity","IDA:FlyBase"
"g722","GO:0043565","F","sequence-specific DNA binding","IMP:FlyBase"
"g722","GO:0003700","F","sequence-specific DNA binding transcription factor activity","TAS:FlyBase"
"g722","GO:0007628","P","adult walking behavior","IMP:FlyBase"
"g722","GO:0007420","P","brain development","IMP:FlyBase"
"g722","GO:0048854","P","brain morphogenesis","IMP:FlyBase"
"g722","GO:0048036","P","central complex development","IMP:FlyBase"
"g722","GO:0048749","P","compound eye development","IMP:FlyBase"
"g722","GO:0001745","P","compound eye morphogenesis","IMP:FlyBase"
"g722","GO:0007455","P","eye-antennal disc morphogenesis","TAS:FlyBase"
"g722","GO:0008347","P","glial cell migration","IMP:FlyBase"
"g722","GO:0016319","P","mushroom body development","IMP:FlyBase"
"g722","GO:0030182","P","neuron differentiation","IMP:FlyBase"
"g722","GO:0043704","P","photoreceptor cell fate specification","IMP:FlyBase"
"g722","GO:0040018","P","positive regulation of multicellular organism growth","IMP:FlyBase"
"g722","GO:0045944","P","positive regulation of transcription from RNA polymerase II promoter","IDA:FlyBase"
"g722","GO:0045893","P","positive regulation of transcription, DNA-templated","IDA:FlyBase"
"g722","GO:0043567","P","regulation of insulin-like growth factor receptor signaling pathway","IMP:FlyBase"
"g722","GO:0006366","P","transcription from RNA polymerase II promoter","IDA:GOC"
"g12276","GO:0045179","C","apical cortex","IDA:UniProtKB"
"g12276","GO:0005737","C","cytoplasm","IDA:UniProtKB"
"g12276","GO:0005829","C","cytosol","TAS:Reactome"
"g12276","GO:0016874","F","ligase activity","IEA:UniProtKB-KW"
"g12276","GO:0004842","F","ubiquitin-protein transferase activity","NAS:UniProtKB"
"g12276","GO:0008270","F","zinc ion binding","ISM:FlyBase"
"g12276","GO:0006897","P","endocytosis","IMP:UniProtKB"
"g12276","GO:0046331","P","lateral inhibition","IMP:FlyBase"
"g12276","GO:0007219","P","Notch signaling pathway","IMP:FlyBase"
"g12276","GO:0045747","P","positive regulation of Notch signaling pathway","IMP:UniProtKB"
"g12276","GO:0008104","P","protein localization","IMP:UniProtKB"
"g12276","GO:0000209","P","protein polyubiquitination","IDA:FlyBase"
"g12276","GO:0016567","P","protein ubiquitination","NAS:UniProtKB"
"g12276","GO:0008593","P","regulation of Notch signaling pathway","IMP:UniProtKB"
"g12276","GO:0007423","P","sensory organ development","IMP:FlyBase"
"g14360","GO:0016324","C","apical plasma membrane","IDA:FlyBase"
"g14360","GO:0005869","C","dynactin complex","ISS:FlyBase"
"g14360","GO:0008290","C","F-actin capping protein complex","IEA:InterPro"
"g14360","GO:0005875","C","microtubule associated complex","IDA:FlyBase"
"g14360","GO:0071203","C","WASH complex","IEA:InterPro"
"g14360","GO:0030036","P","actin cytoskeleton organization","IMP:FlyBase"
"g14360","GO:0007015","P","actin filament organization","IMP:FlyBase"
"g14360","GO:0051016","P","barbed-end actin filament capping","ISS:FlyBase"
"g14360","GO:0000902","P","cell morphogenesis","IMP:FlyBase"
"g14360","GO:0007294","P","germarium-derived oocyte fate determination","IMP:FlyBase"
"g14360","GO:0007018","P","microtubule-based movement","ISS:FlyBase"
"g14360","GO:0030837","P","negative regulation of actin filament polymerization","IMP:FlyBase"
"g14360","GO:0051490","P","negative regulation of filopodium assembly","IMP:FlyBase"
"g14360","GO:0006909","P","phagocytosis","IMP:FlyBase"
"g14360","GO:0051489","P","regulation of filopodium assembly","IMP:FlyBase"
"g14360","GO:0010591","P","regulation of lamellipodium assembly","IMP:FlyBase"
"g14360","GO:0035220","P","wing disc development","IMP:FlyBase"
"g9534","GO:0016207","F","4-coumarate-CoA ligase activity","IEA:UniProtKB-EC"
"g9534","GO:0005524","F","ATP binding","IEA:UniProtKB-KW"
"g9534","GO:0009698","P","phenylpropanoid metabolic process","IEA:UniProtKB-KW"
"g215","GO:0005739","C","mitochondrion","IDA:WormBase"
"g215","GO:0016747","F","transferase activity, transferring acyl groups other than amino-acyl groups","IEA:InterPro"
"g4938","GO:0016021","C","integral component of membrane","IEA:UniProtKB-KW"
"g4938","GO:0015114","F","phosphate ion transmembrane transporter activity","IEA:InterPro"
"g4938","GO:0015293","F","symporter activity","IEA:UniProtKB-KW"
"g4938","GO:0006814","P","sodium ion transport","IEA:UniProtKB-KW"
"g11997","GO:0005525","F","GTP binding","IEA:UniProtKB-KW"
"g11997","GO:0003924","F","GTPase activity","IEA:InterPro"
"g11997","GO:0046872","F","metal ion binding","IEA:UniProtKB-KW"
"g11997","GO:0004871","F","signal transducer activity","IEA:UniProtKB-KW"
"g11997","GO:0007186","P","G-protein coupled receptor signaling pathway","IEA:InterPro"
"g4213","GO:0005634","C","nucleus","ISM:FlyBase"
"g4213","GO:0003677","F","DNA binding","IEA:UniProtKB-KW"
"g4213","GO:0046983","F","protein dimerization activity","ISM:FlyBase"
"g4213","GO:0003700","F","sequence-specific DNA binding transcription factor activity","ISM:FlyBase"
"g4213","GO:0006357","P","regulation of transcription from RNA polymerase II promoter","ISM:FlyBase"
"g4213","GO:0006351","P","transcription, DNA-templated","IEA:UniProtKB-KW"
"g12964","GO:0009376","C","HslUV protease complex","IEA:InterPro"
"g12964","GO:0020023","C","kinetoplast","IEA:UniProtKB-KW"
"g12964","GO:0005524","F","ATP binding","IEA:UniProtKB-KW"
"g12964","GO:0016887","F","ATPase activity","IEA:InterPro"
"g12964","GO:0070011","F","peptidase activity, acting on L-amino acid peptides","IEA:InterPro"
"g12964","GO:0070581","P","rolling circle DNA replication","IDA:GeneDB_Tbrucei"
"g13984","GO:0005737","C","cytoplasm","IDA:WormBase"
"g13984","GO:0005634","C","nucleus","IDA:WormBase"
"g13984","GO:0000151","C","ubiquitin ligase complex","IEA:InterPro"
"g13984","GO:0051087","F","chaperone binding","IPI:WormBase"
"g13984","GO:0031625","F","ubiquitin protein ligase binding","IPI:WormBase"
"g13984","GO:0004842","F","ubiquitin-protein transferase activity","IDA:WormBase"
"g13984","GO:0034450","F","ubiquitin-ubiquitin ligase activity","IEA:InterPro"
"g13984","GO:0051865","P","protein autoubiquitination","IDA:WormBase"
"g13984","GO:0000209","P","protein polyubiquitination","IDA:WormBase"
"g13984","GO:0016567","P","protein ubiquitination","IDA:WormBase"
"g13984","GO:0006511","P","ubiquitin-dependent protein catabolic process","IEA:InterPro"
"g2291","GO:0016021","C","integral component of membrane","IEA:UniProtKB-KW"
"g2291","GO:0003677","F","DNA binding","IEA:UniProtKB-KW"
"g2291","GO:0003700","F","sequence-specific DNA binding transcription factor activity","IEA:InterPro"
"g18592","GO:0016021","C","integral component of membrane","IEA:UniProtKB-KW"
"g18592","GO:0005524","F","ATP binding","IEA:UniProtKB-KW"
"g18592","GO:0046872","F","metal ion binding","IEA:UniProtKB-KW"
"g18592","GO:0004222","F","metalloendopeptidase activity","IEA:InterPro"
"g14131","GO:0005773","C","vacuole","IEA:UniProtKB-KW"
"g14131","GO:0005096","F","GTPase activator activity","IEA:UniProtKB-KW"
"g14131","GO:0007165","P","signal transduction","IEA:InterPro"
"g13090","GO:0005829","C","cytosol","NAS:UniProtKB"
"g13090","GO:0005634","C","nucleus","NAS:UniProtKB"
"g13090","GO:0004102","F","choline O-acetyltransferase activity","IDA:UniProtKB"
"g13090","GO:0008292","P","acetylcholine biosynthetic process","NAS:UniProtKB"
"g13090","GO:0007399","P","nervous system development","TAS:UniProtKB"
"g13090","GO:0007274","P","neuromuscular synaptic transmission","IMP:FlyBase"
"g13090","GO:0007268","P","synaptic transmission","TAS:UniProtKB"
"g17040","GO:0005634","C","nucleus","IEA:UniProtKB-KW"
"g17040","GO:0043565","F","sequence-specific DNA binding","IEA:InterPro"
"g17040","GO:0003700","F","sequence-specific DNA binding transcription factor activity","IEA:InterPro"
"g17040","GO:0007367","P","segment polarity determination","IEA:UniProtKB-KW"
"g17040","GO:0006351","P","transcription, DNA-templated","IEA:UniProtKB-KW"
"g4278","GO:0005739","C","mitochondrion","IEA:UniProtKB-KW"
"g4278","GO:0045252","C","oxoglutarate dehydrogenase complex","IEA:InterPro"
"g4278","GO:0004149","F","dihydrolipoyllysine-residue succinyltransferase activity","IEA:UniProtKB-EC"
"g4278","GO:0033512","P","L-lysine catabolic process to acetyl-CoA via saccharopine","IEA:UniProtKB-UniPathway"
"g4278","GO:0006099","P","tricarboxylic acid cycle","IEA:UniProtKB-KW"
"g12731","GO:0032584","C","growth cone membrane","IDA:WormBase"
"g12731","GO:0030027","C","lamellipodium","IDA:WormBase"
"g12731","GO:0032809","C","neuronal cell body membrane","IDA:WormBase"
"g12731","GO:0017124","F","SH3 domain binding","IPI:WormBase"
"g12731","GO:0031103","P","axon regeneration","IMP:WormBase"
"g12731","GO:0048858","P","cell projection morphogenesis","IMP:WormBase"
"g12731","GO:0030032","P","lamellipodium assembly","IMP:WormBase"
"g12731","GO:0040011","P","locomotion","IMP:WormBase"
"g12731","GO:0008078","P","mesodermal cell migration","IMP:WormBase"
"g12731","GO:0001764","P","neuron migration","IMP:WormBase"
"g12731","GO:0018991","P","oviposition","IMP:WormBase"
"g12731","GO:0030334","P","regulation of cell migration","IMP:WormBase"
"g12731","GO:0007165","P","signal transduction","IEA:InterPro"
"g12731","GO:0040025","P","vulval development","IMP:WormBase"
"g10703","GO:0005524","F","ATP binding","IEA:UniProtKB-KW"
"g18595","GO:0030122","C","AP-2 adaptor complex","IDA:dictyBase"
"g18595","GO:0030132","C","clathrin coat of coated pit","IC:dictyBase"
"g18595","GO:0005509","F","calcium ion binding","IEA:InterPro"
"g18595","GO:0015031","P","protein transport","IEA:UniProtKB-KW"
"g13816","GO:0005737","C","cytoplasm","NAS:UniProtKB"
"g13816","GO:0004672","F","protein kinase activity","IDA:FlyBase"
"g13816","GO:0007274","P","neuromuscular synaptic transmission","IMP:FlyBase"
"g13816","GO:0006468","P","protein phosphorylation","IDA:GOC"
"g13816","GO:0042391","P","regulation of membrane potential","IMP:FlyBase"
"g13816","GO:0050804","P","regulation of synaptic transmission","NAS:UniProtKB"
"g13816","GO:0042594","P","response to starvation","IMP:FlyBase"
"g6376","GO:0030424","C","axon","IDA:FlyBase"
"g6376","GO:0005954","C","calcium- and calmodulin-dependent protein kinase complex","TAS:UniProtKB"
"g6376","GO:0030425","C","dendrite","IDA:FlyBase"
"g6376","GO:0005886","C","plasma membrane","IDA:FlyBase"
"g6376","GO:0045211","C","postsynaptic membrane","IDA:FlyBase"
"g6376","GO:0048786","C","presynaptic active zone","IDA:FlyBase"
"g6376","GO:0005524","F","ATP binding","IEA:UniProtKB-KW"
"g6376","GO:0005516","F","calmodulin binding","TAS:FlyBase"
"g6376","GO:0004683","F","calmodulin-dependent protein kinase activity","IDA:FlyBase"
"g6376","GO:0004674","F","protein serine/threonine kinase activity","IDA:FlyBase"
"g6376","GO:0007619","P","courtship behavior","TAS:FlyBase"
"g6376","GO:0007611","P","learning or memory","IMP:FlyBase"
"g6376","GO:0007616","P","long-term memory","IMP:FlyBase"
"g6376","GO:0008049","P","male courtship behavior","IMP:FlyBase"
"g6376","GO:0007528","P","neuromuscular junction development","NAS:FlyBase"
"g6376","GO:0006468","P","protein phosphorylation","NAS:FlyBase"
"g6376","GO:0051489","P","regulation of filopodium assembly","IMP:FlyBase"
"g6376","GO:0060278","P","regulation of ovulation","IGI:FlyBase"
"g6376","GO:0008582","P","regulation of synaptic growth at neuromuscular junction","IMP:FlyBase"
"g6376","GO:0007268","P","synaptic transmission","IMP:FlyBase"
"g335","GO:0005622","C","intracellular","IEA:InterPro"
"g335","GO:0005096","F","GTPase activator activity","IEA:UniProtKB-KW"
"g335","GO:0031290","P","retinal ganglion cell axon guidance","IMP:UniProtKB"
"g335","GO:0007165","P","signal transduction","IEA:InterPro"
"g12818","GO:0030424","C","axon","IDA:FlyBase"
"g12818","GO:0005737","C","cytoplasm","IDA:FlyBase"
"g12818","GO:0005118","F","sevenless binding","IPI:UniProtKB"
"g12818","GO:0042169","F","SH2 domain binding","IPI:FlyBase"
"g12818","GO:0017124","F","SH3 domain binding","IPI:FlyBase"
"g12818","GO:0007349","P","cellularization","IMP:FlyBase"
"g12818","GO:0072583","P","clathrin-mediated endocytosis","IDA:FlyBase"
"g12818","GO:0042051","P","compound eye photoreceptor development","IMP:FlyBase"
"g12818","GO:0007391","P","dorsal closure","IMP:FlyBase"
"g12818","GO:0008045","P","motor neuron axon guidance","IMP:FlyBase"
"g12818","GO:0022008","P","neurogenesis","IMP:FlyBase"
"g12818","GO:0045500","P","sevenless signaling pathway","IGI:FlyBase"
"g12818","GO:0048488","P","synaptic vesicle endocytosis","IDA:FlyBase"
"g15789","GO:0016021","C","integral component of membrane","IEA:UniProtKB-KW"
"g10354","GO:0005739","C","mitochondrion","IDA:UniProtKB"
"g10354","GO:0003777","F","microtubule motor activity","IMP:UniProtKB"
"g10354","GO:0017022","F","myosin binding","IPI:FlyBase"
"g10354","GO:0019896","P","axon transport of mitochondrion","IDA:FlyBase"
"g10354","GO:0051654","P","establishment of mitochondrion localization","IMP:UniProtKB"
"g10354","GO:0008152","P","metabolic process","IMP:GOC"
"g10354","GO:0048311","P","mitochondrion distribution","IMP:FlyBase"
"g10354","GO:0007287","P","Nebenkern assembly","IMP:FlyBase"
"g10354","GO:0007310","P","oocyte dorsal/ventral axis specification","IMP:UniProtKB"
"g10354","GO:0030382","P","sperm mitochondrion organization","IMP:FlyBase"
"g16518","GO:0005739","C","mitochondrion","IEA:UniProtKB-KW"
"g16518","GO:0003995","F","acyl-CoA dehydrogenase activity","IEA:InterPro"
"g16518","GO:0050660","F","flavin adenine dinucleotide binding","IEA:InterPro"
"g16518","GO:0006574","P","valine catabolic process","IEA:UniProtKB-UniPathway"
"g7341","GO:0005737","C","cytoplasm","IEA:UniProtKB-KW"
"g7341","GO:0005524","F","ATP binding","IEA:UniProtKB-KW"
"g7341","GO:0046872","F","metal ion binding","IEA:UniProtKB-KW"
"g7341","GO:0004674","F","protein serine/threonine kinase activity","IEA:UniProtKB-KW"
"g7341","GO:0007275","P","multicellular organismal development","IEA:UniProtKB-KW"
"g14598","GO:0005524","F","ATP binding","IEA:UniProtKB-KW"
"g14598","GO:0004674","F","protein serine/threonine kinase activity","IEA:UniProtKB-KW"
"g13602","GO:0008253","F","5'-nucleotidase activity","IEA:UniProtKB-EC"
"g13602","GO:0046872","F","metal ion binding","IEA:UniProtKB-KW"
"g13602","GO:0000166","F","nucleotide binding","IEA:UniProtKB-KW"
"g13602","GO:0008768","F","UDP-sugar diphosphatase activity","IEA:UniProtKB-EC"
"g13602","GO:0009166","P","nucleotide catabolic process","IEA:InterPro"
"g17413","GO:0005737","C","cytoplasm","IDA:WormBase"
"g17413","GO:0005865","C","striated muscle thin filament","IDA:WormBase"
"g17413","GO:1990357","C","terminal web","IDA:WormBase"
"g17413","GO:0051015","F","actin filament binding","IC:WormBase"
"g17413","GO:0009792","P","embryo development ending in birth or egg hatching","IMP:WormBase"
"g17413","GO:0040011","P","locomotion","IMP:WormBase"
"g17413","GO:0071689","P","muscle thin filament assembly","IMP:WormBase"
"g17413","GO:0030835","P","negative regulation of actin filament depolymerization","IDA:WormBase"
"g17413","GO:0002119","P","nematode larval development","IMP:WormBase"
"g17413","GO:0051694","P","pointed-end actin filament capping","IDA:WormBase"
"g17413","GO:0045214","P","sarcomere organization","IMP:WormBase"
"g815","GO:0071013","C","catalytic step 2 spliceosome","IDA:FlyBase"
"g815","GO:0005634","C","nucleus","ISS:UniProtKB"
"g815","GO:0000398","P","mRNA splicing, via spliceosome","IC:FlyBase"
"g815","GO:0007399","P","nervous system development","ISS:UniProtKB"
"g3938","GO:0019239","F","deaminase activity","IEA:InterPro"
"g13763","GO:0045177","C","apical part of cell","IDA:FlyBase"
"g13763","GO:0030424","C","axon","IDA:FlyBase"
"g13763","GO:0044297","C","cell body","IDA:FlyBase"
"g13763","GO:0005938","C","cell cortex","IDA:FlyBase"
"g13763","GO:0005737","C","cytoplasm","IDA:FlyBase"
"g13763","GO:0030425","C","dendrite","IDA:FlyBase"
"g13763","GO:0048800","P","antennal morphogenesis","IMP:FlyBase"
"g13763","GO:0008407","P","chaeta morphogenesis","IMP:FlyBase"
"g13763","GO:0070593","P","dendrite self-avoidance","IGI:FlyBase"
"g13763","GO:0035317","P","imaginal disc-derived wing hair organization","IGI:FlyBase"
"g13763","GO:0007476","P","imaginal disc-derived wing morphogenesis","IMP:FlyBase"
"g13763","GO:0035316","P","non-sensory hair organization","IMP:FlyBase"
"g13763","GO:0048601","P","oocyte morphogenesis","IDA:FlyBase"
"g13763","GO:0045860","P","positive regulation of protein kinase activity","IMP:UniProtKB"
"g13763","GO:0045893","P","positive regulation of transcription, DNA-templated","IMP:UniProtKB"
"g13763","GO:0050773","P","regulation of dendrite development","IMP:UniProtKB"
"g13763","GO:0048814","P","regulation of dendrite morphogenesis","IMP:FlyBase"
"g13763","GO:0042052","P","rhabdomere development","IMP:FlyBase"
"g13763","GO:0006351","P","transcription, DNA-templated","IEA:UniProtKB-KW"
"g4415","GO:0006914","P","autophagy","IEA:UniProtKB-KW"
"g4415","GO:0046331","P","lateral inhibition","IMP:FlyBase"
"g11523","GO:0005634","C","nucleus","IDA:FlyBase"
"g11523","GO:0003677","F","DNA binding","IEA:UniProtKB-KW"
"g11523","GO:0048813","P","dendrite morphogenesis","IMP:FlyBase"
"g11523","GO:0007526","P","larval somatic muscle development","IMP:FlyBase"
"g11523","GO:0006355","P","regulation of transcription, DNA-templated","IEA:UniProtKB-KW"
"g11523","GO:0006351","P","transcription, DNA-templated","IEA:UniProtKB-KW"
"g3262","GO:0016324","C","apical plasma membrane","IDA:WormBase"
"g3262","GO:0016323","C","basolateral plasma membrane","IDA:WormBase"
"g3262","GO:0005737","C","cytoplasm","IDA:WormBase"
"g3262","GO:0005794","C","Golgi apparatus","IDA:WormBase"
"g3262","GO:0005887","C","integral component of plasma membrane","IDA:WormBase"
"g3262","GO:0005524","F","ATP binding","IEA:UniProtKB-KW"
"g3262","GO:0019829","F","cation-transporting ATPase activity","IEA:InterPro"
"g3262","GO:0000287","F","magnesium ion binding","IEA:InterPro"
"g3262","GO:0004012","F","phospholipid-translocating ATPase activity","IMP:WormBase"
"g3262","GO:0006897","P","endocytosis","IMP:WormBase"
"g3262","GO:0007040","P","lysosome organization","IMP:WormBase"
"g3262","GO:0060101","P","negative regulation of phagocytosis, engulfment","IMP:WormBase"
"g3262","GO:0045332","P","phospholipid translocation","IMP:WormBase"
"g3262","GO:0015914","P","phospholipid transport","IMP:WormBase"
"g3262","GO:0060100","P","positive regulation of phagocytosis, engulfment","IMP:WormBase"
"g2013","GO:0015629","C","actin cytoskeleton","IDA:UniProtKB"
"g2013","GO:0005927","C","muscle tendon junction","IDA:FlyBase"
"g2013","GO:0030018","C","Z disc","IDA:FlyBase"
"g2013","GO:0003779","F","actin binding","IPI:UniProtKB"
"g2013","GO:0051371","F","muscle alpha-actinin binding","IMP:UniProtKB"
"g2013","GO:0008270","F","zinc ion binding","IEA:InterPro"
"g2013","GO:0061061","P","muscle structure development","IMP:FlyBase"
"g2013","GO:0030239","P","myofibril assembly","IMP:FlyBase"
"g2013","GO:0001952","P","regulation of cell-matrix adhesion","IMP:UniProtKB"
"g4019","GO:0005634","C","nucleus","IMP:FlyBase"
"g4019","GO:0008301","F","DNA binding, bending","IDA:FlyBase"
"g4019","GO:0043565","F","sequence-specific DNA binding","IDA:FlyBase"
"g4019","GO:0048813","P","dendrite morphogenesis","IGI:FlyBase"
"g4019","GO:0007552","P","metamorphosis","IMP:FlyBase"
"g4019","GO:0016322","P","neuron remodeling","IMP:FlyBase"
"g4019","GO:0006357","P","regulation of transcription from RNA polymerase II promoter","IMP:FlyBase"
"g4019","GO:0006351","P","transcription, DNA-templated","IEA:UniProtKB-KW"
"g4831","GO:0005737","C","cytoplasm","NAS:FlyBase"
"g4831","GO:0005622","C","intracellular","ISS:UniProtKB"
"g4831","GO:0004198","F","calcium-dependent cysteine-type endopeptidase activity","ISS:UniProtKB"
"g4831","GO:0008270","F","zinc ion binding","IEA:InterPro"
"g4831","GO:0007399","P","nervous system development","IMP:UniProtKB"
"g4831","GO:0006508","P","proteolysis","ISS:UniProtKB"
"g4831","GO:0050896","P","response to stimulus","IEA:UniProtKB-KW"
"g4831","GO:0007601","P","visual perception","IEA:UniProtKB-KW"
"g359","GO:0005847","C","mRNA cleavage and polyadenylation specificity factor complex","ISS:dictyBase"
"g359","GO:0005634","C","nucleus","IBA:RefGenome"
"g359","GO:0005524","F","ATP binding","IEA:UniProtKB-KW"
"g359","GO:0046872","F","metal ion binding","IEA:UniProtKB-KW"
"g359","GO:0004652","F","polynucleotide adenylyltransferase activity","ISS:dictyBase"
"g359","GO:0003723","F","RNA binding","IEA:UniProtKB-KW"
"g359","GO:0006378","P","mRNA polyadenylation","ISS:dictyBase"
"g1368","GO:0000139","C","Golgi membrane","ISS:dictyBase"
"g1368","GO:0005524","F","ATP binding","IEA:UniProtKB-KW"
"g1368","GO:0004674","F","protein serine/threonine kinase activity","ISS:dictyBase"
"g1368","GO:0006468","P","protein phosphorylation","ISS:dictyBase"
"g1368","GO:0045053","P","protein retention in Golgi apparatus","ISS:dictyBase"
"g1368","GO:0006623","P","protein targeting to vacuole","ISS:dictyBase"
"g1368","GO:0007034","P","vacuolar transport","ISS:dictyBase"
"g13662","GO:0005768","C","endosome","IDA:FlyBase"
"g13662","GO:0016021","C","integral component of membrane","IEA:UniProtKB-KW"
"g13662","GO:0005634","C","nucleus","NAS:UniProtKB"
"g13662","GO:0003677","F","DNA binding","IEA:UniProtKB-KW"
"g13662","GO:0008270","F","zinc ion binding","ISM:FlyBase"
"g13662","GO:0001707","P","mesoderm formation","IEP:UniProtKB"
"g13662","GO:0016567","P","protein ubiquitination","IMP:FlyBase"
"g13662","GO:0006355","P","regulation of transcription, DNA-templated","IEA:UniProtKB-KW"
"g13662","GO:0006351","P","transcription, DNA-templated","IEA:UniProtKB-KW"
"g18862","GO:0005737","C","cytoplasm","IEA:InterPro"
"g18862","GO:0005634","C","nucleus","NAS:FlyBase"
"g18862","GO:0005667","C","transcription factor complex","IEA:InterPro"
"g18862","GO:0003677","F","DNA binding","NAS:UniProtKB"
"g18862","GO:0046982","F","protein heterodimerization activity","IPI:FlyBase"
"g18862","GO:0003700","F","sequence-specific DNA binding transcription factor activity","IEA:InterPro"
"g18862","GO:0004871","F","signal transducer activity","IEA:InterPro"
"g18862","GO:0008134","F","transcription factor binding","IPI:FlyBase"
"g18862","GO:0048148","P","behavioral response to cocaine","NAS:FlyBase"
"g18862","GO:0032922","P","circadian regulation of gene expression","IMP:FlyBase"
"g18862","GO:0007623","P","circadian rhythm","IMP:UniProtKB"
"g18862","GO:0008062","P","eclosion rhythm","NAS:FlyBase"
"g18862","GO:0045475","P","locomotor rhythm","IMP:FlyBase"
"g18862","GO:0000122","P","negative regulation of transcription from RNA polymerase II promoter","NAS:FlyBase"
"g18862","GO:0045944","P","positive regulation of transcription from RNA polymerase II promoter","IDA:FlyBase"
"g18862","GO:0045893","P","positive regulation of transcription, DNA-templated","IGI:UniProtKB"
"g18862","GO:0045187","P","regulation of circadian sleep/wake cycle, sleep","IMP:FlyBase"
"g18862","GO:0007622","P","rhythmic behavior","TAS:FlyBase"
"g18862","GO:0006351","P","transcription, DNA-templated","IEA:UniProtKB-KW"
"g2586","GO:0005737","C","cytoplasm","IEA:UniProtKB-KW"
"g2586","GO:0005871","C","kinesin complex","IEA:InterPro"
"g2586","GO:0005874","C","microtubule","IEA:UniProtKB-KW"
"g2586","GO:0005524","F","ATP binding","IEA:UniProtKB-KW"
"g2586","GO:0003777","F","microtubule motor activity","IEA:InterPro"
"g2586","GO:0007018","P","microtubule-based movement","IEA:InterPro"
"g281","GO:0031672","C","A band","IDA:FlyBase"
"g281","GO:0005863","C","striated muscle myosin thick filament","IDA:FlyBase"
"g281","GO:0008307","F","structural constituent of muscle","IMP:FlyBase"
"g281","GO:0097493","F","structural molecule activity conferring elasticity","IMP:FlyBase"
"g281","GO:0007527","P","adult somatic muscle development","IMP:FlyBase"
"g281","GO:0014703","P","oscillatory muscle contraction","IMP:FlyBase"
"g281","GO:0045214","P","sarcomere organization","IMP:FlyBase"
"g281","GO:0030241","P","skeletal muscle myosin thick filament assembly","IMP:FlyBase"
"g281","GO:0071688","P","striated muscle myosin thick filament assembly","IDA:FlyBase"
"g10199","GO:0008270","F","zinc ion binding","IEA:InterPro"
"g11499","GO:0045169","C","fusome","IDA:FlyBase"
"g11499","GO:0005794","C","Golgi apparatus","IDA:UniProtKB"
"g11499","GO:0000776","C","kinetochore","IDA:FlyBase"
"g11499","GO:0005875","C","microtubule associated complex","IDA:UniProtKB"
"g11499","GO:0005876","C","spindle microtubule","IDA:FlyBase"
"g11499","GO:0003779","F","actin binding","IDA:UniProtKB"
"g11499","GO:0008017","F","microtubule binding","IDA:UniProtKB"
"g11499","GO:0051010","F","microtubule plus-end binding","IDA:FlyBase"
"g11499","GO:0007349","P","cellularization","IMP:UniProtKB"
"g11499","GO:0007017","P","microtubule-based process","ISS:FlyBase"
"g14711","GO:0030127","C","COPII vesicle coat","IEA:InterPro"
"g14711","GO:0005783","C","endoplasmic reticulum","IEA:UniProtKB-KW"
"g14711","GO:0005794","C","Golgi apparatus","IEA:UniProtKB-KW"
"g14711","GO:0008270","F","zinc ion binding","IEA:InterPro"
"g14711","GO:0006888","P","ER to Golgi vesicle-mediated transport","IEA:InterPro"
"g14711","GO:0006886","P","intracellular protein transport","IEA:InterPro"
"g2066","GO:0005794","C","Golgi apparatus","IEA:UniProtKB-KW"
"g2066","GO:0016021","C","integral component of membrane","IEA:UniProtKB-KW"
"g2066","GO:0046988","F","asioloorosomucoid beta-1,3-glucuronosyltransferase activity","IDA:FlyBase"
"g2066","GO:0046989","F","galactosyl beta-1,3 N-acetylgalactosamine beta-1,3-glucuronosyltransferase activity","IDA:FlyBase"
"g2066","GO:0015018","F","galactosylgalactosylxylosylprotein 3-beta-glucuronosyltransferase activity","IDA:FlyBase"
"g2066","GO:0046872","F","metal ion binding","IEA:UniProtKB-KW"
"g2066","GO:0046987","F","N-acetyllactosamine beta-1,3-glucuronosyltransferase activity","IDA:FlyBase"
"g2066","GO:0009101","P","glycoprotein biosynthetic process","NAS:FlyBase"
"g2066","GO:0006688","P","glycosphingolipid biosynthetic process","NAS:FlyBase"
"g2066","GO:0007422","P","peripheral nervous system development","IMP:FlyBase"
"g2066","GO:0006486","P","protein glycosylation","IEA:UniProtKB-UniPathway"
"g2066","GO:0030166","P","proteoglycan biosynthetic process","NAS:FlyBase"
"g6930","GO:0005813","C","centrosome","IDA:FlyBase"
"g6930","GO:0005737","C","cytoplasm","IEA:UniProtKB-KW"
"g6930","GO:0005874","C","microtubule","IEA:UniProtKB-KW"
"g6930","GO:0030496","C","midbody","IDA:FlyBase"
"g6930","GO:0005819","C","spindle","IDA:FlyBase"
"g6930","GO:0051011","F","microtubule minus-end binding","IDA:FlyBase"
"g6930","GO:0051013","P","microtubule severing","IMP:FlyBase"
"g6930","GO:0000022","P","mitotic spindle elongation","IMP:FlyBase"
"g6930","GO:0007026","P","negative regulation of microtubule depolymerization","IMP:FlyBase"
"g8369","GO:0005524","F","ATP binding","IEA:UniProtKB-KW"
"g8369","GO:0004693","F","cyclin-dependent protein serine/threonine kinase activity","IEA:UniProtKB-EC"
"g8369","GO:0007049","P","cell cycle","IEA:UniProtKB-KW"
"g8369","GO:0051301","P","cell division","IEA:UniProtKB-KW"
"g5350","GO:0005737","C","cytoplasm","IEA:UniProtKB-KW"
"g5350","GO:0005856","C","cytoskeleton","IEA:UniProtKB-KW"
"g5350","GO:0046872","F","metal ion binding","IEA:UniProtKB-KW"
"g5350","GO:0051693","P","actin filament capping","IEA:UniProtKB-KW"
"g17972","GO:0005739","C","mitochondrion","IEA:UniProtKB-KW"
"g17972","GO:0003857","F","3-hydroxyacyl-CoA dehydrogenase activity","IEA:UniProtKB-EC"
"g17972","GO:0070403","F","NAD+ binding","IEA:InterPro"
"g17972","GO:0006635","P","fatty acid beta-oxidation","IEA:UniProtKB-UniPathway"
"g14066","GO:0005634","C","nucleus","IEA:UniProtKB-KW"
"g14066","GO:0003677","F","DNA binding","IEA:UniProtKB-KW"
"g14066","GO:0004519","F","endonuclease activity","IEA:UniProtKB-KW"
"g14066","GO:0046872","F","metal ion binding","IEA:UniProtKB-KW"
"g14066","GO:0015074","P","DNA integration","IEA:UniProtKB-KW"
"g14066","GO:0006310","P","DNA recombination","IEA:UniProtKB-KW"
"g2384","GO:0005576","C","extracellular region","ISM:FlyBase"
"g4207","GO:0004197","F","cysteine-type endopeptidase activity","IEA:InterPro"
"g3318","GO:0005737","C","cytoplasm","IEA:UniProtKB-KW"
"g3318","GO:0004181","F","metallocarboxypeptidase activity","TAS:UniProtKB"
"g3318","GO:0008270","F","zinc ion binding","IEA:InterPro"
"g3318","GO:0035608","P","protein deglutamylation","IMP:UniProtKB"
"g3318","GO:0006508","P","proteolysis","IDA:WormBase"
"g3080","GO:0046872","F","metal ion binding","IEA:UniProtKB-KW"
"g3080","GO:0032266","F","phosphatidylinositol-3-phosphate binding","ISS:WormBase"
"g15661","GO:0005578","C","proteinaceous extracellular matrix","ISS:FlyBase"
"g15661","GO:0020037","F","heme binding","IEA:InterPro"
"g15661","GO:0046872","F","metal ion binding","IEA:UniProtKB-KW"
"g15661","GO:0004601","F","peroxidase activity","IEA:UniProtKB-KW"
"g15661","GO:0030198","P","extracellular matrix organization","IMP:UniProtKB"
"g15661","GO:0042744","P","hydrogen peroxide catabolic process","IEA:UniProtKB-KW"
"g15661","GO:0006909","P","phagocytosis","IMP:UniProtKB"
"g13895","GO:0016021","C","integral component of membrane","NAS:UniProtKB"
"g13895","GO:0005875","C","microtubule associated complex","IDA:FlyBase"
"g13895","GO:0016529","C","sarcoplasmic reticulum","IEA:UniProtKB-KW"
"g13895","GO:0005509","F","calcium ion binding","IEA:InterPro"
"g13895","GO:0005219","F","ryanodine-sensitive calcium-release channel activity","TAS:UniProtKB"
"g13895","GO:0006816","P","calcium ion transport","TAS:UniProtKB"
"g13895","GO:0006874","P","cellular calcium ion homeostasis","IEA:InterPro"
"g13895","GO:0060047","P","heart contraction","IMP:FlyBase"
"g13895","GO:0007275","P","multicellular organismal development","IEA:UniProtKB-KW"
"g13895","GO:0006936","P","muscle contraction","IMP:UniProtKB"
"g13895","GO:0035206","P","regulation of hemocyte proliferation","IMP:FlyBase"
"g13895","GO:0072347","P","response to anesthetic","IMP:FlyBase"
"g6874","GO:0005777","C","peroxisome","IEA:UniProtKB-KW"
"g6874","GO:0051537","F","2 iron, 2 sulfur cluster binding","ISS:UniProtKB"
"g6874","GO:0009055","F","electron carrier activity","IEA:InterPro"
"g6874","GO:0050660","F","flavin adenine dinucleotide binding","ISS:UniProtKB"
"g6874","GO:0005506","F","iron ion binding","IEA:InterPro"
"g6874","GO:0043546","F","molybdopterin cofactor binding","ISS:UniProtKB"
"g6874","GO:0008762","F","UDP-N-acetylmuramate dehydrogenase activity","IEA:InterPro"
"g6874","GO:0004854","F","xanthine dehydrogenase activity","ISS:UniProtKB"
"g6874","GO:0004855","F","xanthine oxidase activity","IEA:InterPro"
"g6874","GO:0009115","P","xanthine catabolic process","ISS:UniProtKB"
"g14228","GO:0016021","C","integral component of membrane","IEA:UniProtKB-KW"
"g14228","GO:0005739","C","mitochondrion","IEA:UniProtKB-KW"
"g14228","GO:0004252","F","serine-type endopeptidase activity","IEA:InterPro"
"g14228","GO:0006915","P","apoptotic process","IEA:UniProtKB-KW"
"g11293","GO:0051260","P","protein homooligomerization","IEA:InterPro"
"g1567","GO:0005634","C","nucleus","ISS:FlyBase"
"g1567","GO:0003677","F","DNA binding","IEA:UniProtKB-KW"
"g1567","GO:0046872","F","metal ion binding","IEA:UniProtKB-KW"
"g1567","GO:0007420","P","brain development","IMP:UniProtKB"
"g1567","GO:0008283","P","cell proliferation","IGI:FlyBase"
"g1567","GO:0035214","P","eye-antennal disc development","IGI:FlyBase"
"g1567","GO:0002121","P","inter-male aggressive behavior","IMP:FlyBase"
"g1567","GO:0035218","P","leg disc development","IMP:UniProtKB"
"g1567","GO:0010629","P","negative regulation of gene expression","IMP:FlyBase"
"g1567","GO:0007219","P","Notch signaling pathway","IEA:UniProtKB-KW"
"g1567","GO:0008056","P","ocellus development","IMP:UniProtKB"
"g1567","GO:0007424","P","open tracheal system development","IMP:FlyBase"
"g1567","GO:0006357","P","regulation of transcription from RNA polymerase II promoter","ISS:FlyBase"
"g1567","GO:0007430","P","terminal branching, open tracheal system","IMP:UniProtKB"
"g1567","GO:0035220","P","wing disc development","IMP:UniProtKB"
"g17886;g9532;","GO:0016207","F","4-coumarate-CoA ligase activity","IEA:UniProtKB-EC"
"g17886;g9532;","GO:0005524","F","ATP binding","IEA:UniProtKB-KW"
"g17886;g9532;","GO:0009698","P","phenylpropanoid metabolic process","IEA:UniProtKB-KW"
